{
  "iteration": 6,
  "self_play_time": 1868.2768750190735,
  "training_time": 12.933553457260132,
  "eval_time": 1102.933480501175,
  "games_per_second": 0.08028788559429588,
  "total_examples": 7208,
  "total_time": 2984.1439089775085,
  "validation_policy_loss": 1.2624045729637146,
  "validation_value_loss": 0.405010724067688,
  "evaluation_win_rate_vs_initial": 0.5,
  "timestamp": "2025-08-04T00:16:47.575005",
  "attacker_win_rate_vs_initial": 1.0,
  "defender_win_rate_vs_initial": 0.0,
  "attacker_games": 20,
  "defender_games": 20
}