{
  "iteration": 1,
  "config": {
    "game_mode": "avoid_clique",
    "num_vertices": 9,
    "k": 4,
    "mcts_sims": 200
  },
  "self_play_time": 618.1394429206848,
  "training_time": 35.52487826347351,
  "eval_time": 210.1554732322693,
  "games_per_second": 0.2426636929869025,
  "total_examples": 4388,
  "total_time": 863.8197944164276,
  "validation_policy_loss": 2.422515535354614,
  "validation_value_loss": 0.36396912932395936,
  "evaluation_win_rate_vs_initial": 0.14634146341463414,
  "evaluation_win_rate_vs_best": -1.0,
  "best_model_iteration": 1,
  "timestamp": "2025-09-07T08:19:07.186397",
  "selfplay_stats": {
    "avg_game_length": 29.253333333333334,
    "total_games_played": 150,
    "game_length_distribution": {
      "16": 5,
      "18": 9,
      "20": 5,
      "22": 10,
      "24": 10,
      "25": 2,
      "26": 12,
      "27": 3,
      "28": 9,
      "29": 9,
      "30": 1,
      "31": 7,
      "32": 2,
      "33": 13,
      "34": 1,
      "35": 16,
      "36": 36
    }
  }
}