{
  "iteration": 15,
  "config": {
    "game_mode": "avoid_clique",
    "num_vertices": 9,
    "k": 4,
    "mcts_sims": 200
  },
  "self_play_time": 587.2726764678955,
  "training_time": 4.503122568130493,
  "eval_time": 205.46988034248352,
  "games_per_second": 0.2554179787524987,
  "total_examples": 4384,
  "total_time": 797.2456793785095,
  "validation_policy_loss": 1.249339747428894,
  "validation_value_loss": 0.3539328008890152,
  "evaluation_win_rate_vs_initial": 0.04878048780487805,
  "evaluation_win_rate_vs_best": 0.12195121951219512,
  "best_model_iteration": 1,
  "timestamp": "2025-09-07T12:14:05.678111",
  "selfplay_stats": {
    "avg_game_length": 29.211111111111112,
    "total_games_played": 2250,
    "game_length_distribution": {
      "12": 1,
      "14": 6,
      "16": 35,
      "18": 85,
      "20": 153,
      "21": 3,
      "22": 232,
      "23": 5,
      "24": 141,
      "25": 23,
      "26": 126,
      "27": 60,
      "28": 74,
      "29": 105,
      "30": 58,
      "31": 165,
      "32": 21,
      "33": 148,
      "34": 9,
      "35": 292,
      "36": 508
    }
  }
}